{
    "_events": [
        {
            "_time": 10.183732986450195,
            "_type": 0,
            "_value": 1
        },
        {
            "_time": 10.183732986450195,
            "_type": 8,
            "_value": 0
        }
    ]
}